timestamp,temperature
2024-01-01 00:00:00,40.882026172983835
2024-01-01 00:01:00,40.41006527111694
2024-01-01 00:02:00,40.90926233391921
2024-01-01 00:03:00,41.75008666439517
2024-01-01 00:04:00,41.772925934766704
2024-01-01 00:05:00,40.559695226530074
2024-01-01 00:06:00,41.73216628165199
2024-01-01 00:07:00,41.389752542293515
2024-01-01 00:08:00,41.62157264024568
2024-01-01 00:09:00,42.08559498522743
2024-01-01 00:10:00,42.15871509353105
2024-01-01 00:11:00,43.019432984290184
2024-01-01 00:12:00,42.877545126844836
2024-01-01 00:13:00,42.76164302716797
2024-01-01 00:14:00,43.125488102013854
2024-01-01 00:15:00,43.27203923030053
2024-01-01 00:16:00,44.052705142739974
2024-01-01 00:17:00,43.40229178952525
2024-01-01 00:18:00,43.859276183576355
2024-01-01 00:19:00,43.47215682447896
2024-01-01 00:20:00,42.817688515169465
2024-01-01 00:21:00,44.61441382831588
2024-01-01 00:22:00,44.91161275008975
2024-01-01 00:23:00,44.298398559451975
2024-01-01 00:24:00,45.992669067408634
2024-01-01 00:25:00,44.31707254874265
2024-01-01 00:26:00,45.25168063708809
2024-01-01 00:27:00,45.31776799151822
2024-01-01 00:28:00,46.358251586388064
2024-01-01 00:29:00,46.504918752868875
2024-01-01 00:30:00,46.02389844679881
2024-01-01 00:31:00,46.30943286517414
2024-01-01 00:32:00,45.84806153980886
2024-01-01 00:33:00,45.47077028562237
2024-01-01 00:34:00,46.453974165521615
2024-01-01 00:35:00,46.8703513569289
2024-01-01 00:36:00,47.56899206007859
2024-01-01 00:37:00,47.71406904067366
2024-01-01 00:38:00,47.07555104240154
2024-01-01 00:39:00,47.27164281671644
2024-01-01 00:40:00,47.04928442646168
2024-01-01 00:41:00,47.01144932867947
2024-01-01 00:42:00,47.01329610439609
2024-01-01 00:43:00,48.983813326568665
2024-01-01 00:44:00,47.89256269811386
2024-01-01 00:45:00,48.064231945469245
2024-01-01 00:46:00,47.7896185203387
2024-01-01 00:47:00,48.9343261819671
2024-01-01 00:48:00,47.864966759231
2024-01-01 00:49:00,48.68860356481272
2024-01-01 00:50:00,48.46697656748213
2024-01-01 00:51:00,49.22453146842326
2024-01-01 00:52:00,48.888639703648956
2024-01-01 00:53:00,48.66323873138865
2024-01-01 00:54:00,49.34548695468015
2024-01-01 00:55:00,49.67623953587956
2024-01-01 00:56:00,49.59426303295664
2024-01-01 00:57:00,49.80757091002872
2024-01-01 00:58:00,49.43087004087718
2024-01-01 00:59:00,49.65468954108664
2024-01-01 01:00:00,49.584160635784286
2024-01-01 01:01:00,49.8212169824204
2024-01-01 01:02:00,49.671266853473156
2024-01-01 01:03:00,49.28776211473932
2024-01-01 01:04:00,50.30887167401912
2024-01-01 01:05:00,50.084691386067796
2024-01-01 01:06:00,49.53205182769963
2024-01-01 01:07:00,50.636236544716084
2024-01-01 01:08:00,50.004996842161546
2024-01-01 01:09:00,50.53450800162166
2024-01-01 01:10:00,50.91904258097337
2024-01-01 01:11:00,50.661009083895905
2024-01-01 01:12:00,51.204283824188515
2024-01-01 01:13:00,50.05127072393962
2024-01-01 01:14:00,50.89997926596517
2024-01-01 01:15:00,50.38254482057039
2024-01-01 01:16:00,50.31170286516489
2024-01-01 01:17:00,50.47583347367259
2024-01-01 01:18:00,50.62364093623597
2024-01-01 01:19:00,50.81765913610227
2024-01-01 01:20:00,50.21316111002337
2024-01-01 01:21:00,51.248310678182335
2024-01-01 01:22:00,51.02889503305697
2024-01-01 01:23:00,50.022118056026756
2024-01-01 01:24:00,51.524558118878566
2024-01-01 01:25:00,51.71459269253997
2024-01-01 01:26:00,51.33828744562684
2024-01-01 01:27:00,50.637229370449354
2024-01-01 01:28:00,50.16616686062092
2024-01-01 01:29:00,51.19919193154602
2024-01-01 01:30:00,50.436887835295366
2024-01-01 01:31:00,51.21231382399577
2024-01-01 01:32:00,50.663967450562915
2024-01-01 01:33:00,51.003032349031
2024-01-01 01:34:00,50.64394514130315
2024-01-01 01:35:00,50.766287460970126
2024-01-01 01:36:00,50.361704747213665
2024-01-01 01:37:00,51.18908538717492
2024-01-01 01:38:00,50.295571254233494
2024-01-01 01:39:00,50.36537423454045
2024-01-01 01:40:00,51.03454961678494
2024-01-01 01:41:00,49.34405238465505
2024-01-01 01:42:00,49.30404401029094
2024-01-01 01:43:00,50.34177186223875
2024-01-01 01:44:00,49.18476809251809
2024-01-01 01:45:00,50.65390425931338
2024-01-01 01:46:00,49.38259532514889
2024-01-01 01:47:00,49.119576910646074
2024-01-01 01:48:00,50.35530562102702
2024-01-01 01:49:00,50.03129687193096
2024-01-01 01:50:00,50.11874351840918
2024-01-01 01:51:00,49.52867705149856
2024-01-01 01:52:00,48.53254640831684
2024-01-01 01:53:00,49.802559096750784
2024-01-01 01:54:00,48.594805396333534
2024-01-01 01:55:00,49.0082803196654
2024-01-01 01:56:00,48.955940424189386
2024-01-01 01:57:00,48.277142884145846
2024-01-01 01:58:00,48.5311473428748
2024-01-01 01:59:00,48.551853171352626
2024-01-01 02:00:00,48.14284457108933
2024-01-01 02:01:00,47.26611161749991
2024-01-01 02:02:00,47.823469070446734
2024-01-01 02:03:00,48.19349924830243
2024-01-01 02:04:00,47.036458648191434
2024-01-01 02:05:00,47.159904170875734
2024-01-01 02:06:00,46.86572971938
2024-01-01 02:07:00,47.8541941687267
2024-01-01 02:08:00,47.10970174277749
2024-01-01 02:09:00,46.819079993676766
2024-01-01 02:10:00,46.07005568099198
2024-01-01 02:11:00,46.56224101976429
2024-01-01 02:12:00,45.791059819557795
2024-01-01 02:13:00,45.977827928440625
2024-01-01 02:14:00,45.475823406229274
2024-01-01 02:15:00,45.96201544981155
2024-01-01 02:16:00,45.740437105027645
2024-01-01 02:17:00,45.17469841119552
2024-01-01 02:18:00,45.30199375058138
2024-01-01 02:19:00,44.381112698646184
2024-01-01 02:20:00,44.00425270520625
2024-01-01 02:21:00,44.790475492802805
2024-01-01 02:22:00,44.47375026075459
2024-01-01 02:23:00,44.52637497661192
2024-01-01 02:24:00,45.217765884043075
2024-01-01 02:25:00,44.31473303563504
2024-01-01 02:26:00,43.20142500952909
2024-01-01 02:27:00,44.03080799126563
2024-01-01 02:28:00,42.62800897368656
2024-01-01 02:29:00,42.86811084726721
2024-01-01 02:30:00,42.87707927793636
2024-01-01 02:31:00,43.57960391113098
2024-01-01 02:32:00,42.161802452141806
2024-01-01 02:33:00,41.93180224827318
2024-01-01 02:34:00,42.10631091208642
2024-01-01 02:35:00,41.634067481151845
2024-01-01 02:36:00,42.33922771831421
2024-01-01 02:37:00,41.04596077498315
2024-01-01 02:38:00,40.822202604463904
2024-01-01 02:39:00,40.98711093257543
2024-01-01 02:40:00,40.76724234037805
2024-01-01 02:41:00,41.79149569219984
2024-01-01 02:42:00,41.11222446601179
2024-01-01 02:43:00,40.49246706177442
2024-01-01 02:44:00,39.64762356787265
2024-01-01 02:45:00,40.49472454676829
2024-01-01 02:46:00,39.38526807789661
2024-01-01 02:47:00,38.9265327222645
2024-01-01 02:48:00,40.10726409230235
2024-01-01 02:49:00,39.48691809899345
2024-01-01 02:50:00,39.6050183916221
2024-01-01 02:51:00,39.121117123240275
2024-01-01 02:52:00,39.20843218179567
2024-01-01 02:53:00,38.273943612320224
2024-01-01 02:54:00,37.90302669690043
2024-01-01 02:55:00,38.58296498224462
2024-01-01 02:56:00,37.6638855824683
2024-01-01 02:57:00,37.5457159317076
2024-01-01 02:58:00,37.48917672679716
2024-01-01 02:59:00,37.5537598846767
2024-01-01 03:00:00,37.19779861142473
2024-01-01 03:01:00,36.518865205001006
2024-01-01 03:02:00,36.71791833723013
2024-01-01 03:03:00,35.76332469471934
2024-01-01 03:04:00,37.02492265195636
2024-01-01 03:05:00,35.7506097631117
2024-01-01 03:06:00,35.8408978595929
2024-01-01 03:07:00,36.26280969862678
2024-01-01 03:08:00,35.712836524516916
2024-01-01 03:09:00,36.702335059625725
2024-01-01 03:10:00,35.134992635711086
2024-01-01 03:11:00,35.76798720388165
2024-01-01 03:12:00,35.470371170347164
2024-01-01 03:13:00,34.76408855008035
2024-01-01 03:14:00,35.470529006830255
2024-01-01 03:15:00,34.98656524254914
2024-01-01 03:16:00,35.32443238829878
2024-01-01 03:17:00,35.219296385742155
2024-01-01 03:18:00,35.761034366247344
2024-01-01 03:19:00,35.22247258527545
2024-01-01 03:20:00,34.247384127949495
2024-01-01 03:21:00,34.193079003571796
2024-01-01 03:22:00,34.746470725677035
2024-01-01 03:23:00,34.41127436778733
2024-01-01 03:24:00,34.29388827721639
2024-01-01 03:25:00,33.05875086720047
2024-01-01 03:26:00,33.75174520168682
2024-01-01 03:27:00,33.29489050989521
2024-01-01 03:28:00,33.70722829016587
2024-01-01 03:29:00,33.42495580207112
2024-01-01 03:30:00,33.83933172991041
2024-01-01 03:31:00,33.4565488493124
2024-01-01 03:32:00,33.6083258952346
2024-01-01 03:33:00,32.90273635478025
2024-01-01 03:34:00,32.58810426587682
2024-01-01 03:35:00,32.78331578590417
2024-01-01 03:36:00,32.91150820583739
2024-01-01 03:37:00,33.044967930245114
2024-01-01 03:38:00,33.924145906494346
2024-01-01 03:39:00,32.71621630228904
2024-01-01 03:40:00,32.20600676085846
2024-01-01 03:41:00,32.461429037657595
2024-01-01 03:42:00,32.35689270694378
2024-01-01 03:43:00,32.78755459521965
2024-01-01 03:44:00,31.73841166052595
2024-01-01 03:45:00,32.506329820449196
2024-01-01 03:46:00,32.52275073806753
2024-01-01 03:47:00,32.534312703061545
2024-01-01 03:48:00,32.09722944612601
2024-01-01 03:49:00,32.25854542460933
2024-01-01 03:50:00,31.651059509174086
2024-01-01 03:51:00,32.10598832769645
2024-01-01 03:52:00,32.07475864501071
2024-01-01 03:53:00,32.55174491105573
2024-01-01 03:54:00,31.767153555816204
2024-01-01 03:55:00,32.74136647521399
2024-01-01 03:56:00,33.10753190894544
2024-01-01 03:57:00,31.33881908735138
2024-01-01 03:58:00,32.60446127048491
2024-01-01 03:59:00,32.75130156190619
2024-01-01 04:00:00,32.119635398865476
2024-01-01 04:01:00,32.269208897342885
2024-01-01 04:02:00,32.4348721380974
2024-01-01 04:03:00,32.389851952355436
2024-01-01 04:04:00,32.42563224185974
2024-01-01 04:05:00,31.78747197059169
2024-01-01 04:06:00,33.250904482980175
2024-01-01 04:07:00,33.26772679749032
2024-01-01 04:08:00,32.3783108758598
2024-01-01 04:09:00,32.11273421908344
2024-01-01 04:10:00,33.17128969159499
2024-01-01 04:11:00,32.69150970808979
2024-01-01 04:12:00,33.1228388257343
2024-01-01 04:13:00,32.96844371544116
2024-01-01 04:14:00,33.55388361096212
2024-01-01 04:15:00,33.63922774855068
2024-01-01 04:16:00,33.01649656407554
2024-01-01 04:17:00,32.77872751168537
2024-01-01 04:18:00,32.773694241668906
2024-01-01 04:19:00,33.96871289527125
2024-01-01 04:20:00,33.17102381390645
2024-01-01 04:21:00,33.61750920356043
2024-01-01 04:22:00,33.681719815924
2024-01-01 04:23:00,34.066008575519795
2024-01-01 04:24:00,33.239982678512575
2024-01-01 04:25:00,34.4217148761579
2024-01-01 04:26:00,34.71180304480464
2024-01-01 04:27:00,34.61988447905614
2024-01-01 04:28:00,34.54928387503372
2024-01-01 04:29:00,34.88567057224658
2024-01-01 04:30:00,35.17187829726019
2024-01-01 04:31:00,33.724534336471066
2024-01-01 04:32:00,36.23030202544722
2024-01-01 04:33:00,35.5918946513874
2024-01-01 04:34:00,35.21807898060141
2024-01-01 04:35:00,35.499120056702274
2024-01-01 04:36:00,36.09460317270332
2024-01-01 04:37:00,35.94558066916825
2024-01-01 04:38:00,35.14689721617888
2024-01-01 04:39:00,37.355739708117824
2024-01-01 04:40:00,36.432063292660544
2024-01-01 04:41:00,37.16378530335704
2024-01-01 04:42:00,36.47650178816737
2024-01-01 04:43:00,37.761941913092826
2024-01-01 04:44:00,37.310486325156454
2024-01-01 04:45:00,37.64756649126135
2024-01-01 04:46:00,36.99855065301008
2024-01-01 04:47:00,38.30691820086706
2024-01-01 04:48:00,38.22849025109837
2024-01-01 04:49:00,38.71873839733318
2024-01-01 04:50:00,37.93993442604163
2024-01-01 04:51:00,38.2014859167153
2024-01-01 04:52:00,39.78376623550802
2024-01-01 04:53:00,38.29332360569582
2024-01-01 04:54:00,38.948522909746295
2024-01-01 04:55:00,39.77967903299899
2024-01-01 04:56:00,39.456326883977
2024-01-01 04:57:00,39.8965932552916
2024-01-01 04:58:00,39.604389824648216
2024-01-01 04:59:00,40.18941051898782
2024-01-01 05:00:00,39.552581592143085
2024-01-01 05:01:00,41.2374904255044
2024-01-01 05:02:00,40.55296372609413
2024-01-01 05:03:00,40.47654045921798
2024-01-01 05:04:00,41.35529023345467
2024-01-01 05:05:00,40.99801506358476
2024-01-01 05:06:00,40.768250612147085
2024-01-01 05:07:00,40.969675811918634
2024-01-01 05:08:00,42.19814662527956
2024-01-01 05:09:00,41.980190293575895
2024-01-01 05:10:00,42.202255191990815
2024-01-01 05:11:00,43.017439180522004
2024-01-01 05:12:00,42.12486824353434
2024-01-01 05:13:00,42.5328288236438
2024-01-01 05:14:00,42.91570707747798
2024-01-01 05:15:00,43.36531479950203
2024-01-01 05:16:00,43.50697804861298
2024-01-01 05:17:00,43.594397726875826
2024-01-01 05:18:00,43.91657854187737
2024-01-01 05:19:00,44.102982578168586
2024-01-01 05:20:00,44.00568985422905
2024-01-01 05:21:00,44.16738620513894
2024-01-01 05:22:00,44.91898599429409
2024-01-01 05:23:00,44.54349071964707
2024-01-01 05:24:00,44.61678752141002
2024-01-01 05:25:00,45.245053755315304
2024-01-01 05:26:00,45.52724065139889
2024-01-01 05:27:00,46.93837178834934
2024-01-01 05:28:00,45.660579811842005
2024-01-01 05:29:00,46.68638708678344
2024-01-01 05:30:00,46.78900780223609
2024-01-01 05:31:00,46.02035194445124
2024-01-01 05:32:00,47.19953981196865
2024-01-01 05:33:00,46.41766478562718
2024-01-01 05:34:00,45.87523897620043
2024-01-01 05:35:00,47.701658968345676
2024-01-01 05:36:00,46.71260867971111
2024-01-01 05:37:00,48.00638380241498
2024-01-01 05:38:00,47.6275094149083
2024-01-01 05:39:00,48.986052809383935
2024-01-01 05:40:00,48.87538821104409
2024-01-01 05:41:00,48.29732032203383
2024-01-01 05:42:00,48.36092859391497
2024-01-01 05:43:00,48.27652900485596
2024-01-01 05:44:00,48.83964534286113
2024-01-01 05:45:00,49.09421989628975
2024-01-01 05:46:00,49.22402817462744
2024-01-01 05:47:00,49.654325706705976
2024-01-01 05:48:00,50.03239105208099
2024-01-01 05:49:00,50.082608887245925
2024-01-01 05:50:00,49.687794025234666
2024-01-01 05:51:00,49.51042671992782
2024-01-01 05:52:00,51.068357211127626
2024-01-01 05:53:00,50.19538918008101
2024-01-01 05:54:00,50.365185505626066
2024-01-01 05:55:00,50.579095745108205
2024-01-01 05:56:00,50.0635979428797
2024-01-01 05:57:00,50.888618078550294
2024-01-01 05:58:00,51.027226594913586
2024-01-01 05:59:00,51.713608353128265
2024-01-01 06:00:00,51.8859072130452
2024-01-01 06:01:00,51.668638951935264
2024-01-01 06:02:00,52.25952996936888
2024-01-01 06:03:00,52.08717121579899
2024-01-01 06:04:00,52.02961584468852
2024-01-01 06:05:00,52.23483029043476
2024-01-01 06:06:00,52.172547132198325
2024-01-01 06:07:00,52.18051375989419
2024-01-01 06:08:00,52.35065332708336
2024-01-01 06:09:00,52.02357431776859
2024-01-01 06:10:00,52.827301810774415
2024-01-01 06:11:00,52.28642541470705
2024-01-01 06:12:00,53.29608004034772
2024-01-01 06:13:00,52.83915032267471
2024-01-01 06:14:00,53.07354887929618
2024-01-01 06:15:00,53.37691815588787
2024-01-01 06:16:00,53.529103504713
2024-01-01 06:17:00,52.49580221975437
2024-01-01 06:18:00,53.247525419122184
2024-01-01 06:19:00,53.857101783086094
2024-01-01 06:20:00,52.63014381059873
2024-01-01 06:21:00,53.73114980164767
2024-01-01 06:22:00,52.46414941875713
2024-01-01 06:23:00,53.13119143882582
2024-01-01 06:24:00,53.7083486166357
2024-01-01 06:25:00,52.90332478760903
2024-01-01 06:26:00,53.27762342680082
2024-01-01 06:27:00,53.069193729402365
2024-01-01 06:28:00,54.659937224702325
2024-01-01 06:29:00,53.94475994664633
2024-01-01 06:30:00,54.16907859267238
2024-01-01 06:31:00,53.7928892480877
2024-01-01 06:32:00,53.74230671110115
2024-01-01 06:33:00,53.12158180257305
2024-01-01 06:34:00,53.79069673271381
2024-01-01 06:35:00,53.558667312491906
2024-01-01 06:36:00,54.36717775267691
2024-01-01 06:37:00,54.50357794271744
2024-01-01 06:38:00,54.65714250806849
2024-01-01 06:39:00,54.3369778522276
2024-01-01 06:40:00,53.59425549777232
2024-01-01 06:41:00,53.31455725591664
2024-01-01 06:42:00,54.23081575158117
2024-01-01 06:43:00,53.99667811872362
2024-01-01 06:44:00,52.90139475170584
2024-01-01 06:45:00,53.926639004822746
2024-01-01 06:46:00,54.115512721174845
2024-01-01 06:47:00,53.693211133519455
2024-01-01 06:48:00,53.52287966100107
2024-01-01 06:49:00,53.159426374813116
2024-01-01 06:50:00,52.78403821701604
2024-01-01 06:51:00,53.84774669284653
2024-01-01 06:52:00,53.22959773258181
2024-01-01 06:53:00,53.200273322525405
2024-01-01 06:54:00,54.11254426491687
2024-01-01 06:55:00,53.51396889099252
2024-01-01 06:56:00,53.27905693726207
2024-01-01 06:57:00,53.08302809961275
2024-01-01 06:58:00,53.68681070681254
2024-01-01 06:59:00,53.69792540086032
2024-01-01 07:00:00,53.21074163662257
2024-01-01 07:01:00,52.941541428625
2024-01-01 07:02:00,51.504191590250585
2024-01-01 07:03:00,52.51108558973278
2024-01-01 07:04:00,52.27861508201669
2024-01-01 07:05:00,52.28184774092768
2024-01-01 07:06:00,52.59440289503055
2024-01-01 07:07:00,50.63790494580536
2024-01-01 07:08:00,51.60485618645265
2024-01-01 07:09:00,51.90318937101928
2024-01-01 07:10:00,51.41054820571475
2024-01-01 07:11:00,50.80831421689705
2024-01-01 07:12:00,51.82116270080717
2024-01-01 07:13:00,51.39220401601867
2024-01-01 07:14:00,50.63253346870063
2024-01-01 07:15:00,51.13710090307974
2024-01-01 07:16:00,51.24943991522007
2024-01-01 07:17:00,50.697656768275344
2024-01-01 07:18:00,50.94912631292595
2024-01-01 07:19:00,50.43934000956173
2024-01-01 07:20:00,50.05155743759043
2024-01-01 07:21:00,49.51608408687074
2024-01-01 07:22:00,49.89717713580952
2024-01-01 07:23:00,49.87942917913605
2024-01-01 07:24:00,50.06019844000342
2024-01-01 07:25:00,49.40265483033524
2024-01-01 07:26:00,49.52483885643449
2024-01-01 07:27:00,48.64781314726184
2024-01-01 07:28:00,48.570928691492085
2024-01-01 07:29:00,48.737379897624244
2024-01-01 07:30:00,48.09387062042506
2024-01-01 07:31:00,48.858270657367214
2024-01-01 07:32:00,48.50509858346393
2024-01-01 07:33:00,48.236966617779515
2024-01-01 07:34:00,48.08932919504065
2024-01-01 07:35:00,48.75150540423592
2024-01-01 07:36:00,47.32638166966745
2024-01-01 07:37:00,46.27872297556274
2024-01-01 07:38:00,47.296599831434854
2024-01-01 07:39:00,46.98810733217841
2024-01-01 07:40:00,46.57013961974728
2024-01-01 07:41:00,46.15408271972817
2024-01-01 07:42:00,46.237688024964754
2024-01-01 07:43:00,46.361002248315444
2024-01-01 07:44:00,45.8313188198833
2024-01-01 07:45:00,47.10077107484249
2024-01-01 07:46:00,45.22561130801978
2024-01-01 07:47:00,45.12020574979338
2024-01-01 07:48:00,44.18301664896839
2024-01-01 07:49:00,45.26337219227817
2024-01-01 07:50:00,43.9395509406337
2024-01-01 07:51:00,44.48805210921403
2024-01-01 07:52:00,44.4299502188554
2024-01-01 07:53:00,44.02298844722266
2024-01-01 07:54:00,45.05749656721651
2024-01-01 07:55:00,44.49568599103966
2024-01-01 07:56:00,44.468786394887175
2024-01-01 07:57:00,43.179118008956294
2024-01-01 07:58:00,43.99619376568733
2024-01-01 07:59:00,43.49200574513299
2024-01-01 08:00:00,43.44243516210862
2024-01-01 08:01:00,43.38487580185242
2024-01-01 08:02:00,42.229974875753086
2024-01-01 08:03:00,42.2872520284409
2024-01-01 08:04:00,42.74669538938165
2024-01-01 08:05:00,40.80458418940311
2024-01-01 08:06:00,42.7071411356217
2024-01-01 08:07:00,42.04629025525256
2024-01-01 08:08:00,41.567359440606616
2024-01-01 08:09:00,41.52226831817164
2024-01-01 08:10:00,40.72024106582623
2024-01-01 08:11:00,40.88489711002762
2024-01-01 08:12:00,41.436211047422496
2024-01-01 08:13:00,41.36289346912919
2024-01-01 08:14:00,41.891494504694286
2024-01-01 08:15:00,40.33767872910658
2024-01-01 08:16:00,39.8784532452497
2024-01-01 08:17:00,39.7856022568334
2024-01-01 08:18:00,39.370658659918774
2024-01-01 08:19:00,39.67975263750872
2024-01-01 08:20:00,39.751155106112435
2024-01-01 08:21:00,39.38595263837586
2024-01-01 08:22:00,39.796774784740805
2024-01-01 08:23:00,38.979329527005966
2024-01-01 08:24:00,38.77292151311511
2024-01-01 08:25:00,38.50865927264101
2024-01-01 08:26:00,37.83812311891465
2024-01-01 08:27:00,37.728265529279234
2024-01-01 08:28:00,37.78290248832278
2024-01-01 08:29:00,38.88621046966833
2024-01-01 08:30:00,38.54888326050954
2024-01-01 08:31:00,38.65729125292468
2024-01-01 08:32:00,37.17511546920538
2024-01-01 08:33:00,36.731232442816385
2024-01-01 08:34:00,37.262805802075945
2024-01-01 08:35:00,37.56105137901219
2024-01-01 08:36:00,37.60586562092261
2024-01-01 08:37:00,37.767006430316826
2024-01-01 08:38:00,37.274830742768934
2024-01-01 08:39:00,37.896914669066696
2024-01-01 08:40:00,36.810432468669305
2024-01-01 08:41:00,36.3646619260281
2024-01-01 08:42:00,35.883414060744144
2024-01-01 08:43:00,36.185757400340414
2024-01-01 08:44:00,36.660961758883836
2024-01-01 08:45:00,36.00868227160649
2024-01-01 08:46:00,36.838071919691636
2024-01-01 08:47:00,36.99607882977253
2024-01-01 08:48:00,35.028927727246725
2024-01-01 08:49:00,36.57317992386102
2024-01-01 08:50:00,34.952443754541065
2024-01-01 08:51:00,36.20777830032819
2024-01-01 08:52:00,36.5579681082439
2024-01-01 08:53:00,35.920214594561195
2024-01-01 08:54:00,35.19397242951859
2024-01-01 08:55:00,35.49093423515924
2024-01-01 08:56:00,35.60648634813553
2024-01-01 08:57:00,35.60369486085965
2024-01-01 08:58:00,35.55474695823311
2024-01-01 08:59:00,35.566521507023154
2024-01-01 09:00:00,35.69737772379017
2024-01-01 09:01:00,34.959449289256256
2024-01-01 09:02:00,35.419762992247335
2024-01-01 09:03:00,36.280891842535716
2024-01-01 09:04:00,35.314390059351005
2024-01-01 09:05:00,35.27371942035863
2024-01-01 09:06:00,36.02764242709747
2024-01-01 09:07:00,34.20584619991135
2024-01-01 09:08:00,36.077016283031654
2024-01-01 09:09:00,35.17526088864888
2024-01-01 09:10:00,35.58206222071926
2024-01-01 09:11:00,35.56114360679102
2024-01-01 09:12:00,36.00110065631477
2024-01-01 09:13:00,35.416948811622355
2024-01-01 09:14:00,35.23660445046443
2024-01-01 09:15:00,36.25339701328566
2024-01-01 09:16:00,34.45522206385055
2024-01-01 09:17:00,35.68427986184504
2024-01-01 09:18:00,35.040912081197334
2024-01-01 09:19:00,35.37879603845284
2024-01-01 09:20:00,36.81385104921839
2024-01-01 09:21:00,35.83848155152592
2024-01-01 09:22:00,36.01477022790279
2024-01-01 09:23:00,35.08679104252735
2024-01-01 09:24:00,35.67724807435037
2024-01-01 09:25:00,36.2080862013435
2024-01-01 09:26:00,36.35903939456584
2024-01-01 09:27:00,36.56574808164062
2024-01-01 09:28:00,36.34102796291481
2024-01-01 09:29:00,36.68336251651453
2024-01-01 09:30:00,36.73360569967109
2024-01-01 09:31:00,35.68237606044418
2024-01-01 09:32:00,36.70992562948658
2024-01-01 09:33:00,37.173161785496085
2024-01-01 09:34:00,37.18551450165362
2024-01-01 09:35:00,36.81354884813032
2024-01-01 09:36:00,36.70107035314873
2024-01-01 09:37:00,36.6565953297042
2024-01-01 09:38:00,37.26551355646904
2024-01-01 09:39:00,38.016249243518125
2024-01-01 09:40:00,36.59581199957211
2024-01-01 09:41:00,37.367064136693664
2024-01-01 09:42:00,37.25564981291816
2024-01-01 09:43:00,38.34976851331743
2024-01-01 09:44:00,37.81502263060801
2024-01-01 09:45:00,37.99484533173228
2024-01-01 09:46:00,38.26272392549658
2024-01-01 09:47:00,38.73792530623398
2024-01-01 09:48:00,38.46600596249883
2024-01-01 09:49:00,37.28898773854007
2024-01-01 09:50:00,39.236405097922535
2024-01-01 09:51:00,39.339734525223854
2024-01-01 09:52:00,39.16862225063345
2024-01-01 09:53:00,38.89721072721479
2024-01-01 09:54:00,39.77855158748569
2024-01-01 09:55:00,39.95824664439746
2024-01-01 09:56:00,39.70205224779565
2024-01-01 09:57:00,39.999551857594405
2024-01-01 09:58:00,39.8160330001589
2024-01-01 09:59:00,40.36728984343153
2024-01-01 10:00:00,39.859056147453906
2024-01-01 10:01:00,41.022762881161924
2024-01-01 10:02:00,40.523830165218264
2024-01-01 10:03:00,41.29898645178114
2024-01-01 10:04:00,40.66281384834778
2024-01-01 10:05:00,41.25849653171922
2024-01-01 10:06:00,41.68780923019922
2024-01-01 10:07:00,41.10395932574416
2024-01-01 10:08:00,42.18479268836094
2024-01-01 10:09:00,42.13213555025929
2024-01-01 10:10:00,41.6465290787271
2024-01-01 10:11:00,42.063516515873715
2024-01-01 10:12:00,43.2164865498477
2024-01-01 10:13:00,43.56177550210883
2024-01-01 10:14:00,43.249320551753165
2024-01-01 10:15:00,43.72006299236224
2024-01-01 10:16:00,43.83306397476563
2024-01-01 10:17:00,44.09038930154532
2024-01-01 10:18:00,44.77390317034444
2024-01-01 10:19:00,43.58356493223248
2024-01-01 10:20:00,44.88218861169772
2024-01-01 10:21:00,44.56051027652682
2024-01-01 10:22:00,44.847525170640786
2024-01-01 10:23:00,45.01717377733048
2024-01-01 10:24:00,45.18979375540592
2024-01-01 10:25:00,44.97368293059648
2024-01-01 10:26:00,45.88812961761483
2024-01-01 10:27:00,46.84179593569085
2024-01-01 10:28:00,46.1882277770991
2024-01-01 10:29:00,46.42559711541865
2024-01-01 10:30:00,46.292580953633035
2024-01-01 10:31:00,46.78729954672161
2024-01-01 10:32:00,47.288711973086095
2024-01-01 10:33:00,47.079805238159516
2024-01-01 10:34:00,47.24694817831043
2024-01-01 10:35:00,47.88395268428105
2024-01-01 10:36:00,47.43125533425127
2024-01-01 10:37:00,48.223831254976076
2024-01-01 10:38:00,48.714378052202775
2024-01-01 10:39:00,49.19005597534067
2024-01-01 10:40:00,48.66990724737692
2024-01-01 10:41:00,49.60298740900035
2024-01-01 10:42:00,49.639480628359124
2024-01-01 10:43:00,48.82617538671002
2024-01-01 10:44:00,48.91616079878333
2024-01-01 10:45:00,49.57226257244972
2024-01-01 10:46:00,50.43751662037751
2024-01-01 10:47:00,50.083824679626964
2024-01-01 10:48:00,50.01509877529721
2024-01-01 10:49:00,51.2854743949862
2024-01-01 10:50:00,50.84512261226808
2024-01-01 10:51:00,49.73201018154975
2024-01-01 10:52:00,51.23977171927238
2024-01-01 10:53:00,51.528271384345025
2024-01-01 10:54:00,51.5662198379737
2024-01-01 10:55:00,51.86147069383973
2024-01-01 10:56:00,51.78414139421098
2024-01-01 10:57:00,51.33764277722216
2024-01-01 10:58:00,51.98837955987844
2024-01-01 10:59:00,51.875577095112156
2024-01-01 11:00:00,52.05436469167504
2024-01-01 11:01:00,52.05918291158629
2024-01-01 11:02:00,53.08451136576312
2024-01-01 11:03:00,53.07226940190349
2024-01-01 11:04:00,52.961735914322155
2024-01-01 11:05:00,53.02102865810083
2024-01-01 11:06:00,53.49118690598478
2024-01-01 11:07:00,54.19695959093527
2024-01-01 11:08:00,52.80692328578593
2024-01-01 11:09:00,54.14628680321227
2024-01-01 11:10:00,53.830902912515604
2024-01-01 11:11:00,53.30441492892808
2024-01-01 11:12:00,53.413790679076676
2024-01-01 11:13:00,54.067118288164146
2024-01-01 11:14:00,54.76701532759943
2024-01-01 11:15:00,54.98437573250626
2024-01-01 11:16:00,54.44572216445423
2024-01-01 11:17:00,55.547830155331084
2024-01-01 11:18:00,55.871610499106126
2024-01-01 11:19:00,55.47560919878303
2024-01-01 11:20:00,55.0959168146609
2024-01-01 11:21:00,56.064443450374306
2024-01-01 11:22:00,55.98707063785661
2024-01-01 11:23:00,56.14669979568228
2024-01-01 11:24:00,55.48483447250131
2024-01-01 11:25:00,54.49227017044727
2024-01-01 11:26:00,57.06080034874713
2024-01-01 11:27:00,55.28616621116289
2024-01-01 11:28:00,56.15923343262826
2024-01-01 11:29:00,57.449283476811246
2024-01-01 11:30:00,56.50224507257823
2024-01-01 11:31:00,56.88585116760647
2024-01-01 11:32:00,55.73050051803182
2024-01-01 11:33:00,55.65951164521767
2024-01-01 11:34:00,56.344792836650456
2024-01-01 11:35:00,57.21544988116701
2024-01-01 11:36:00,56.55199317102932
2024-01-01 11:37:00,56.378936698262336
2024-01-01 11:38:00,56.92245309652049
2024-01-01 11:39:00,57.40771439700044
2024-01-01 11:40:00,56.18360345741202
2024-01-01 11:41:00,56.33616653173036
2024-01-01 11:42:00,56.57849543058659
2024-01-01 11:43:00,57.54756027492605
2024-01-01 11:44:00,57.14107491677284
2024-01-01 11:45:00,58.10917059276439
2024-01-01 11:46:00,57.52674937975993
2024-01-01 11:47:00,57.052412280479885
2024-01-01 11:48:00,57.70993228941291
2024-01-01 11:49:00,57.186576554136934
2024-01-01 11:50:00,56.7278058509099
2024-01-01 11:51:00,57.415700455136374
2024-01-01 11:52:00,56.71901005959468
2024-01-01 11:53:00,56.90945645290728
2024-01-01 11:54:00,57.70205823839785
2024-01-01 11:55:00,56.96707889963743
2024-01-01 11:56:00,56.59175474511334
2024-01-01 11:57:00,56.73282919003817
2024-01-01 11:58:00,57.44364805690594
2024-01-01 11:59:00,56.620336184688256
2024-01-01 12:00:00,56.66314234206745
2024-01-01 12:01:00,56.55754013741857
2024-01-01 12:02:00,56.85691704957937
2024-01-01 12:03:00,56.52065936293863
2024-01-01 12:04:00,55.85714292410384
2024-01-01 12:05:00,56.15536008432431
2024-01-01 12:06:00,56.069706185579236
2024-01-01 12:07:00,57.09120023304283
2024-01-01 12:08:00,56.80563770279513
2024-01-01 12:09:00,56.61904291368225
2024-01-01 12:10:00,55.995232562772834
2024-01-01 12:11:00,55.7589354024461
2024-01-01 12:12:00,55.828449210272574
2024-01-01 12:13:00,55.46814003110702
2024-01-01 12:14:00,57.15108683294454
2024-01-01 12:15:00,54.684807487243646
2024-01-01 12:16:00,55.9910713786847
2024-01-01 12:17:00,54.965050246344944
2024-01-01 12:18:00,55.4501191130587
2024-01-01 12:19:00,54.90000554297625
2024-01-01 12:20:00,54.69370619251185
2024-01-01 12:21:00,54.597783779645106
2024-01-01 12:22:00,55.92763321400804
2024-01-01 12:23:00,54.862852178685635
2024-01-01 12:24:00,54.42270190673881
2024-01-01 12:25:00,54.9567069771612
2024-01-01 12:26:00,54.55435721452967
2024-01-01 12:27:00,54.776732920542365
2024-01-01 12:28:00,53.36934260273294
2024-01-01 12:29:00,54.29530727507598
2024-01-01 12:30:00,54.389225820122356
2024-01-01 12:31:00,53.028851270083344
2024-01-01 12:32:00,53.93798029641636
2024-01-01 12:33:00,54.41372820870517
2024-01-01 12:34:00,53.407549164205314
2024-01-01 12:35:00,53.67267166511228
2024-01-01 12:36:00,53.441959891152486
2024-01-01 12:37:00,52.595409190727146
2024-01-01 12:38:00,52.809381187166515
2024-01-01 12:39:00,51.844252515164406
2024-01-01 12:40:00,52.238335369986736
2024-01-01 12:41:00,52.431122364060776
2024-01-01 12:42:00,52.49224486264514
2024-01-01 12:43:00,51.97361269989427
2024-01-01 12:44:00,52.15017805893104
2024-01-01 12:45:00,51.065952624828434
2024-01-01 12:46:00,51.39218972208088
2024-01-01 12:47:00,51.27679751476315
2024-01-01 12:48:00,52.014634093827176
2024-01-01 12:49:00,50.804071900443766
2024-01-01 12:50:00,50.48167524845993
2024-01-01 12:51:00,50.56067508528027
2024-01-01 12:52:00,49.9081226949018
2024-01-01 12:53:00,50.280677249382634
2024-01-01 12:54:00,49.817411936683804
2024-01-01 12:55:00,48.91901104535737
2024-01-01 12:56:00,49.59929097583296
2024-01-01 12:57:00,49.28297472767027
2024-01-01 12:58:00,48.438027970616645
2024-01-01 12:59:00,49.03257621516626
2024-01-01 13:00:00,49.62221450403168
2024-01-01 13:01:00,48.94915062741098
2024-01-01 13:02:00,48.805073192129214
2024-01-01 13:03:00,47.63870044067902
2024-01-01 13:04:00,48.358045422509726
2024-01-01 13:05:00,48.003856628549414
2024-01-01 13:06:00,48.00415820516393
2024-01-01 13:07:00,47.76100178914925
2024-01-01 13:08:00,46.67997712857896
2024-01-01 13:09:00,47.14955514465637
2024-01-01 13:10:00,46.6019960675106
2024-01-01 13:11:00,46.76693301301545
2024-01-01 13:12:00,46.15476535421076
2024-01-01 13:13:00,47.07171835485537
2024-01-01 13:14:00,45.79862011722407
2024-01-01 13:15:00,45.59194310802534
2024-01-01 13:16:00,45.89277867321978
2024-01-01 13:17:00,45.13184899668809
2024-01-01 13:18:00,45.273899751542245
2024-01-01 13:19:00,44.88807944954738
2024-01-01 13:20:00,45.826552865294154
2024-01-01 13:21:00,45.33292540667799
2024-01-01 13:22:00,44.731573343612986
2024-01-01 13:23:00,44.38628801963883
2024-01-01 13:24:00,44.87532299130117
2024-01-01 13:25:00,44.43188786832135
2024-01-01 13:26:00,44.30426190937423
2024-01-01 13:27:00,43.86969131955461
2024-01-01 13:28:00,42.8678989847309
2024-01-01 13:29:00,43.486754703888245
2024-01-01 13:30:00,43.10953517641081
2024-01-01 13:31:00,43.532989838549426
2024-01-01 13:32:00,43.55302523391371
2024-01-01 13:33:00,42.556799401388446
2024-01-01 13:34:00,42.960736067368416
2024-01-01 13:35:00,43.43741678597507
2024-01-01 13:36:00,42.080786898428414
2024-01-01 13:37:00,43.10306816642453
2024-01-01 13:38:00,41.685641488787496
2024-01-01 13:39:00,41.97566855149024
2024-01-01 13:40:00,41.81336037059961
2024-01-01 13:41:00,41.681979470939424
2024-01-01 13:42:00,41.11730126541014
2024-01-01 13:43:00,41.10313245461014
2024-01-01 13:44:00,40.93018000275583
2024-01-01 13:45:00,41.295627874011
2024-01-01 13:46:00,41.16811761040319
2024-01-01 13:47:00,41.9899283590778
2024-01-01 13:48:00,41.43926395536499
2024-01-01 13:49:00,40.37867148203165
2024-01-01 13:50:00,40.678914022555105
2024-01-01 13:51:00,40.9010376211443
2024-01-01 13:52:00,40.30694186212456
2024-01-01 13:53:00,40.14919371651538
2024-01-01 13:54:00,40.10543381849334
2024-01-01 13:55:00,40.412220534206746
2024-01-01 13:56:00,39.456706286588705
2024-01-01 13:57:00,39.623707682097226
2024-01-01 13:58:00,39.930868126035364
2024-01-01 13:59:00,39.763957850082804
2024-01-01 14:00:00,39.64412104411315
2024-01-01 14:01:00,39.259074580705914
2024-01-01 14:02:00,39.85347484849101
2024-01-01 14:03:00,40.36099386410005
2024-01-01 14:04:00,39.42777452820683
2024-01-01 14:05:00,39.062171521881396
2024-01-01 14:06:00,39.47453948056055
2024-01-01 14:07:00,38.76875768861657
2024-01-01 14:08:00,38.6089060501646
2024-01-01 14:09:00,38.949381184741924
2024-01-01 14:10:00,37.59462676471946
2024-01-01 14:11:00,38.26594363143068
2024-01-01 14:12:00,38.62969832093053
2024-01-01 14:13:00,38.09163165420259
2024-01-01 14:14:00,38.22055590612863
2024-01-01 14:15:00,38.490975780454555
2024-01-01 14:16:00,37.86427592334054
2024-01-01 14:17:00,38.46308085781537
2024-01-01 14:18:00,38.38280128076591
2024-01-01 14:19:00,38.65143026737426
2024-01-01 14:20:00,39.20809135483105
2024-01-01 14:21:00,38.71351069157869
2024-01-01 14:22:00,38.63804160125672
2024-01-01 14:23:00,38.68148678888683
2024-01-01 14:24:00,38.75370408058558
2024-01-01 14:25:00,38.143886364965
2024-01-01 14:26:00,38.61111498755218
2024-01-01 14:27:00,38.843121697245415
2024-01-01 14:28:00,38.02760187993296
2024-01-01 14:29:00,39.17403080184951
2024-01-01 14:30:00,39.31409421252276
2024-01-01 14:31:00,38.493890561090126
2024-01-01 14:32:00,38.729042056183424
2024-01-01 14:33:00,38.45469616111723
2024-01-01 14:34:00,39.29149630724777
2024-01-01 14:35:00,38.46312880159547
2024-01-01 14:36:00,38.93833769400166
2024-01-01 14:37:00,38.679836539073754
2024-01-01 14:38:00,39.19835807793284
2024-01-01 14:39:00,38.34319346966295
2024-01-01 14:40:00,39.97478584200161
2024-01-01 14:41:00,38.904293975607324
2024-01-01 14:42:00,39.4953559316415
2024-01-01 14:43:00,39.441700181908864
2024-01-01 14:44:00,39.25317025410284
2024-01-01 14:45:00,39.28028543377019
2024-01-01 14:46:00,40.285972974011564
2024-01-01 14:47:00,39.652168375789245
2024-01-01 14:48:00,40.15137061989628
2024-01-01 14:49:00,39.719379507718834
2024-01-01 14:50:00,39.90438748922031
2024-01-01 14:51:00,40.5754207280088
2024-01-01 14:52:00,40.91924851570543
2024-01-01 14:53:00,40.4845194505864
2024-01-01 14:54:00,39.982694117532866
2024-01-01 14:55:00,41.81740692326012
2024-01-01 14:56:00,40.518181579327205
2024-01-01 14:57:00,40.30689519432838
2024-01-01 14:58:00,42.50929066798125
2024-01-01 14:59:00,41.14755877218405
2024-01-01 15:00:00,40.759261188152536
2024-01-01 15:01:00,41.29196411091941
2024-01-01 15:02:00,41.963963332408106
2024-01-01 15:03:00,42.02474938039391
2024-01-01 15:04:00,41.655971788058636
2024-01-01 15:05:00,43.14822414450898
2024-01-01 15:06:00,42.13382362742946
2024-01-01 15:07:00,41.9626873589443
2024-01-01 15:08:00,43.19840044197759
2024-01-01 15:09:00,43.54815294829236
2024-01-01 15:10:00,42.64292522712905
2024-01-01 15:11:00,42.52146763097847
2024-01-01 15:12:00,43.91018497775215
2024-01-01 15:13:00,42.54641854139125
2024-01-01 15:14:00,43.134107915827315
2024-01-01 15:15:00,44.4106371787578
2024-01-01 15:16:00,44.08082235264684
2024-01-01 15:17:00,44.160135008483934
2024-01-01 15:18:00,44.65406813563884
2024-01-01 15:19:00,44.58870964360033
2024-01-01 15:20:00,44.20500041819949
2024-01-01 15:21:00,45.68336658073913
2024-01-01 15:22:00,45.900486875543116
2024-01-01 15:23:00,45.53488982731984
2024-01-01 15:24:00,45.650553309423486
2024-01-01 15:25:00,46.995006218313904
2024-01-01 15:26:00,45.88555478320276
2024-01-01 15:27:00,46.09385455356903
2024-01-01 15:28:00,46.60697401004634
2024-01-01 15:29:00,47.3626267730134
2024-01-01 15:30:00,47.62664875984253
2024-01-01 15:31:00,46.905262516204495
2024-01-01 15:32:00,47.393910054559875
2024-01-01 15:33:00,46.75673037207648
2024-01-01 15:34:00,47.496565391713794
2024-01-01 15:35:00,47.439864544118365
2024-01-01 15:36:00,47.56464613813162
2024-01-01 15:37:00,49.11741940280656
2024-01-01 15:38:00,48.08949407716571
2024-01-01 15:39:00,48.429198550571
2024-01-01 15:40:00,49.08756798517476
2024-01-01 15:41:00,49.76339644730157
2024-01-01 15:42:00,49.56499980214194
2024-01-01 15:43:00,50.91411644292141
2024-01-01 15:44:00,49.70705976958626
2024-01-01 15:45:00,50.083585098182986
2024-01-01 15:46:00,50.301658650388156
2024-01-01 15:47:00,51.090732908177976
2024-01-01 15:48:00,50.835816320482174
2024-01-01 15:49:00,50.732629760835565
2024-01-01 15:50:00,50.52502779917608
2024-01-01 15:51:00,51.32842182135543
2024-01-01 15:52:00,52.11362204834404
2024-01-01 15:53:00,51.41375112057848
2024-01-01 15:54:00,52.08857066237029
2024-01-01 15:55:00,52.15141597417202
2024-01-01 15:56:00,52.66335383190001
2024-01-01 15:57:00,52.03140045328986
2024-01-01 15:58:00,53.80813868702526
2024-01-01 15:59:00,52.19505058106267
2024-01-01 16:00:00,52.850373743205935
2024-01-01 16:01:00,53.69934049833336
2024-01-01 16:02:00,53.574357684387984
2024-01-01 16:03:00,54.0351587022485
2024-01-01 16:04:00,53.564692967236084
2024-01-01 16:05:00,53.966251112388754
2024-01-01 16:06:00,54.19893766165635
2024-01-01 16:07:00,55.1648064749818
2024-01-01 16:08:00,54.910862169916705
2024-01-01 16:09:00,55.14750050799686
2024-01-01 16:10:00,54.601694605308566
2024-01-01 16:11:00,55.5944999753015
2024-01-01 16:12:00,55.400090540784774
2024-01-01 16:13:00,56.15688657416581
2024-01-01 16:14:00,56.64206535197586
2024-01-01 16:15:00,55.65201580918251
2024-01-01 16:16:00,55.77018847591156
2024-01-01 16:17:00,55.70677363634797
2024-01-01 16:18:00,56.22991503326944
2024-01-01 16:19:00,56.27099212692011
2024-01-01 16:20:00,56.79938840046686
2024-01-01 16:21:00,56.70225637794751
2024-01-01 16:22:00,56.74585800870132
2024-01-01 16:23:00,57.60822551152833
2024-01-01 16:24:00,56.75336984569473
2024-01-01 16:25:00,57.58228813009716
2024-01-01 16:26:00,57.30318128872531
2024-01-01 16:27:00,58.005696044639016
2024-01-01 16:28:00,58.470392904378215
2024-01-01 16:29:00,57.75730434356779
2024-01-01 16:30:00,58.257253828707626
2024-01-01 16:31:00,58.25076312626723
2024-01-01 16:32:00,57.882984375298086
2024-01-01 16:33:00,58.521073244880675
2024-01-01 16:34:00,58.659835498734076
2024-01-01 16:35:00,58.83287641663976
2024-01-01 16:36:00,58.63493685761044
2024-01-01 16:37:00,58.88541821824383
2024-01-01 16:38:00,58.36515514715096
2024-01-01 16:39:00,58.85695866851976
2024-01-01 16:40:00,59.40743384713117
2024-01-01 16:41:00,59.665474592680134
2024-01-01 16:42:00,59.09418180641842
2024-01-01 16:43:00,59.44008379077985
2024-01-01 16:44:00,59.58039803026501
2024-01-01 16:45:00,59.64198550983116
2024-01-01 16:46:00,59.88271012623876
2024-01-01 16:47:00,58.770541513535576
2024-01-01 16:48:00,59.71833158478691
2024-01-01 16:49:00,59.92205864300767
2024-01-01 16:50:00,59.3580400031929
2024-01-01 16:51:00,60.74695821449718
2024-01-01 16:52:00,60.03858532245304
2024-01-01 16:53:00,60.78341339808402
2024-01-01 16:54:00,59.64640629859944
2024-01-01 16:55:00,59.62401399759641
2024-01-01 16:56:00,60.22181548442875
2024-01-01 16:57:00,59.2983907650296
2024-01-01 16:58:00,60.26927635317778
2024-01-01 16:59:00,60.23046920095265
2024-01-01 17:00:00,60.70576164219774
2024-01-01 17:01:00,60.56052005018811
2024-01-01 17:02:00,60.00933121642162
2024-01-01 17:03:00,59.67339298108687
2024-01-01 17:04:00,61.07836861295488
2024-01-01 17:05:00,59.82224043250542
2024-01-01 17:06:00,59.687630418489775
2024-01-01 17:07:00,59.65607939712162
2024-01-01 17:08:00,60.74130354385611
2024-01-01 17:09:00,59.903383314789934
2024-01-01 17:10:00,59.76221471309586
2024-01-01 17:11:00,60.18020989272898
2024-01-01 17:12:00,59.97627024278101
2024-01-01 17:13:00,59.70516871903782
2024-01-01 17:14:00,60.38180047723287
2024-01-01 17:15:00,60.49418499107016
2024-01-01 17:16:00,60.40706401802261
2024-01-01 17:17:00,60.24692148219973
2024-01-01 17:18:00,60.01003353866946
2024-01-01 17:19:00,58.8622645362642
2024-01-01 17:20:00,60.52257774396089
2024-01-01 17:21:00,59.77297569337987
2024-01-01 17:22:00,59.85640337981962
2024-01-01 17:23:00,60.03649759700749
2024-01-01 17:24:00,60.11876447056701
2024-01-01 17:25:00,59.53077429257811
2024-01-01 17:26:00,59.45528692254014
2024-01-01 17:27:00,58.85032937162607
2024-01-01 17:28:00,59.075442192515794
2024-01-01 17:29:00,58.53734104858672
2024-01-01 17:30:00,58.506586119289615
2024-01-01 17:31:00,58.31855737956858
2024-01-01 17:32:00,58.58281880282965
2024-01-01 17:33:00,59.07760728613456
2024-01-01 17:34:00,60.02756890536175
2024-01-01 17:35:00,58.42269143678488
2024-01-01 17:36:00,57.53648410048447
2024-01-01 17:37:00,58.72287116139235
2024-01-01 17:38:00,57.81666835879971
2024-01-01 17:39:00,57.51048207499675
2024-01-01 17:40:00,57.81653696802135
2024-01-01 17:41:00,56.9592812362849
2024-01-01 17:42:00,57.55601868058276
2024-01-01 17:43:00,57.263063075650805
2024-01-01 17:44:00,57.216232718024
2024-01-01 17:45:00,57.214934088606974
2024-01-01 17:46:00,56.912604681612855
2024-01-01 17:47:00,56.73917272603479
2024-01-01 17:48:00,56.72288175380191
2024-01-01 17:49:00,56.63578540659064
2024-01-01 17:50:00,55.75740930501899
2024-01-01 17:51:00,55.400991161599
2024-01-01 17:52:00,55.925841697983245
2024-01-01 17:53:00,55.078872317761515
2024-01-01 17:54:00,55.67555910835916
2024-01-01 17:55:00,55.935763468783115
2024-01-01 17:56:00,55.602656031815606
2024-01-01 17:57:00,54.60590957780265
2024-01-01 17:58:00,54.529014200814444
2024-01-01 17:59:00,54.95077511742188
2024-01-01 18:00:00,54.41185601398264
2024-01-01 18:01:00,54.278532764517394
2024-01-01 18:02:00,54.55821845235413
2024-01-01 18:03:00,53.58765080446628
2024-01-01 18:04:00,53.70090526139399
2024-01-01 18:05:00,53.32048527523499
2024-01-01 18:06:00,53.01681748885517
2024-01-01 18:07:00,52.92662755094897
2024-01-01 18:08:00,53.50968810384643
2024-01-01 18:09:00,53.011741235541145
2024-01-01 18:10:00,52.360286443536836
2024-01-01 18:11:00,52.497591749940355
2024-01-01 18:12:00,51.606333461645015
2024-01-01 18:13:00,51.87107299811366
2024-01-01 18:14:00,53.12398588171392
2024-01-01 18:15:00,51.815102237165604
2024-01-01 18:16:00,52.0367150957032
2024-01-01 18:17:00,51.448518570030785
2024-01-01 18:18:00,51.465520002352676
2024-01-01 18:19:00,51.43311248669861
2024-01-01 18:20:00,50.359178608332726
2024-01-01 18:21:00,50.70605764775292
2024-01-01 18:22:00,51.321112628735264
2024-01-01 18:23:00,49.94427933311403
2024-01-01 18:24:00,49.869434436872154
2024-01-01 18:25:00,49.80978840707571
2024-01-01 18:26:00,49.90956029626531
2024-01-01 18:27:00,49.84943536898178
2024-01-01 18:28:00,50.03320363170157
2024-01-01 18:29:00,49.462440466631854
2024-01-01 18:30:00,48.99560923103325
2024-01-01 18:31:00,49.47099312081064
2024-01-01 18:32:00,49.00914623507898
2024-01-01 18:33:00,47.72591726475464
2024-01-01 18:34:00,49.55466990371088
2024-01-01 18:35:00,48.99531460598789
2024-01-01 18:36:00,47.8463307467698
2024-01-01 18:37:00,47.94076863708288
2024-01-01 18:38:00,48.23673591826216
2024-01-01 18:39:00,47.312641233277155
2024-01-01 18:40:00,47.58961906397418
2024-01-01 18:41:00,47.60402411445722
2024-01-01 18:42:00,46.37327688329623
2024-01-01 18:43:00,46.410214536072424
2024-01-01 18:44:00,47.004582675036964
2024-01-01 18:45:00,46.60866211396932
2024-01-01 18:46:00,46.67647818790922
2024-01-01 18:47:00,45.98663903354826
2024-01-01 18:48:00,45.74885032974443
2024-01-01 18:49:00,44.73661767878118
2024-01-01 18:50:00,45.007743235650636
2024-01-01 18:51:00,45.451370154929826
2024-01-01 18:52:00,45.689562162808095
2024-01-01 18:53:00,45.39473618772952
2024-01-01 18:54:00,44.9193697274048
2024-01-01 18:55:00,44.70449116009218
2024-01-01 18:56:00,44.8084567510044
2024-01-01 18:57:00,44.601126481004606
2024-01-01 18:58:00,45.1291707045736
2024-01-01 18:59:00,44.36777653710247
2024-01-01 19:00:00,43.4244294584589
2024-01-01 19:01:00,43.4021635422951
2024-01-01 19:02:00,44.67416097321669
2024-01-01 19:03:00,43.20854175634337
2024-01-01 19:04:00,44.05876564531351
2024-01-01 19:05:00,43.427830772641144
2024-01-01 19:06:00,43.36579330271586
2024-01-01 19:07:00,43.275464991934705
2024-01-01 19:08:00,43.84833367578219
2024-01-01 19:09:00,43.039626928139214
2024-01-01 19:10:00,43.02113631682572
2024-01-01 19:11:00,42.177527094174465
2024-01-01 19:12:00,42.95483369759088
2024-01-01 19:13:00,43.029036583133276
2024-01-01 19:14:00,42.79862148486174
2024-01-01 19:15:00,43.29707445234654
2024-01-01 19:16:00,42.5483702565762
2024-01-01 19:17:00,42.59654713027555
2024-01-01 19:18:00,43.20123328538161
2024-01-01 19:19:00,41.53557814838255
2024-01-01 19:20:00,42.019988174154925
2024-01-01 19:21:00,42.90203654402502
2024-01-01 19:22:00,42.60184635365227
2024-01-01 19:23:00,42.42159080120527
2024-01-01 19:24:00,42.45116400620526
2024-01-01 19:25:00,42.15465156219981
2024-01-01 19:26:00,42.76706041640528
2024-01-01 19:27:00,42.104167898375195
2024-01-01 19:28:00,42.00315023194165
2024-01-01 19:29:00,41.93454296424739
2024-01-01 19:30:00,41.92727639656871
2024-01-01 19:31:00,41.23206410064002
2024-01-01 19:32:00,42.17959722944703
2024-01-01 19:33:00,41.7166989598688
2024-01-01 19:34:00,42.68451360006576
2024-01-01 19:35:00,41.731354484911826
2024-01-01 19:36:00,41.979254726400434
2024-01-01 19:37:00,41.89570889010184
2024-01-01 19:38:00,41.46724039565687
2024-01-01 19:39:00,42.28769830281449
2024-01-01 19:40:00,42.75977189891373
2024-01-01 19:41:00,41.819458629615816
2024-01-01 19:42:00,41.70020813546233
2024-01-01 19:43:00,41.700521139599765
2024-01-01 19:44:00,40.96342318844805
2024-01-01 19:45:00,41.85623821917693
2024-01-01 19:46:00,42.11014631497492
2024-01-01 19:47:00,42.555478694930834
2024-01-01 19:48:00,42.55551270716906
2024-01-01 19:49:00,41.91855007336944
2024-01-01 19:50:00,42.04360404517442
2024-01-01 19:51:00,42.803071187553755
2024-01-01 19:52:00,42.21735700206465
2024-01-01 19:53:00,42.115890832787166
2024-01-01 19:54:00,43.13780498975204
2024-01-01 19:55:00,43.03477801597976
2024-01-01 19:56:00,42.60359397590296
2024-01-01 19:57:00,42.379268449580174
2024-01-01 19:58:00,41.75589352051519
2024-01-01 19:59:00,43.14604913321364
2024-01-01 20:00:00,42.496031518657674
2024-01-01 20:01:00,42.059491617576725
2024-01-01 20:02:00,43.93349666539912
2024-01-01 20:03:00,43.568850523862444
2024-01-01 20:04:00,42.78265669464701
2024-01-01 20:05:00,42.85572928242108
2024-01-01 20:06:00,44.012614761199416
2024-01-01 20:07:00,43.25574549140715
2024-01-01 20:08:00,44.46375265901187
2024-01-01 20:09:00,44.248159925854246
2024-01-01 20:10:00,44.33574099334386
2024-01-01 20:11:00,44.40051584019432
2024-01-01 20:12:00,44.427783554991215
2024-01-01 20:13:00,44.90931879807449
2024-01-01 20:14:00,44.382092369310925
2024-01-01 20:15:00,44.79519013593826
2024-01-01 20:16:00,45.27422805741648
2024-01-01 20:17:00,45.32869483850036
2024-01-01 20:18:00,44.6015008172413
2024-01-01 20:19:00,45.10337593612503
2024-01-01 20:20:00,45.63730354892934
2024-01-01 20:21:00,45.46689101823715
2024-01-01 20:22:00,46.72083978324512
2024-01-01 20:23:00,45.802100546029585
2024-01-01 20:24:00,46.08522700632593
2024-01-01 20:25:00,46.721139790437405
2024-01-01 20:26:00,46.67414489547353
2024-01-01 20:27:00,46.61099548967088
2024-01-01 20:28:00,46.482374620678854
2024-01-01 20:29:00,47.19053475985212
2024-01-01 20:30:00,47.74058231628297
2024-01-01 20:31:00,47.64386959172583
2024-01-01 20:32:00,47.20048030833154
2024-01-01 20:33:00,48.6451017450317
2024-01-01 20:34:00,47.242388772592854
2024-01-01 20:35:00,47.365048018366295
2024-01-01 20:36:00,48.82905996090344
2024-01-01 20:37:00,48.65569653136164
2024-01-01 20:38:00,48.46355280074798
2024-01-01 20:39:00,48.385999122577125
2024-01-01 20:40:00,50.29404865859293
2024-01-01 20:41:00,49.39186492458214
2024-01-01 20:42:00,49.80132145466168
2024-01-01 20:43:00,49.89521907176802
2024-01-01 20:44:00,50.15681360939955
2024-01-01 20:45:00,50.41359017098845
2024-01-01 20:46:00,50.71481080786695
2024-01-01 20:47:00,50.36688799719976
2024-01-01 20:48:00,50.615344773776066
2024-01-01 20:49:00,50.09800844292017
2024-01-01 20:50:00,50.7863302957715
2024-01-01 20:51:00,51.52053093852201
2024-01-01 20:52:00,52.11642826451012
2024-01-01 20:53:00,52.10274879742867
2024-01-01 20:54:00,51.84248601847956
2024-01-01 20:55:00,51.591059750648974
2024-01-01 20:56:00,51.04391158740347
2024-01-01 20:57:00,53.21845406277043
2024-01-01 20:58:00,52.55793946352544
2024-01-01 20:59:00,52.83817931713028
2024-01-01 21:00:00,53.33786770920879
2024-01-01 21:01:00,52.7787007832521
2024-01-01 21:02:00,53.515641217882376
2024-01-01 21:03:00,54.91089158516367
2024-01-01 21:04:00,54.35996473658559
2024-01-01 21:05:00,54.49442461362832
2024-01-01 21:06:00,53.73041566663828
2024-01-01 21:07:00,55.849582082837635
2024-01-01 21:08:00,54.22167882613279
2024-01-01 21:09:00,56.09863260259625
2024-01-01 21:10:00,54.2833572062508
2024-01-01 21:11:00,56.245926603303374
2024-01-01 21:12:00,56.55349642876022
2024-01-01 21:13:00,55.532280396523156
2024-01-01 21:14:00,56.35450505512682
2024-01-01 21:15:00,56.61432382627402
2024-01-01 21:16:00,56.129618784295054
2024-01-01 21:17:00,56.00637915017378
2024-01-01 21:18:00,56.26491689123299
2024-01-01 21:19:00,57.385459825068885
2024-01-01 21:20:00,57.261848141494184
2024-01-01 21:21:00,57.20990395144854
2024-01-01 21:22:00,58.16121423966789
2024-01-01 21:23:00,58.115696887442006
2024-01-01 21:24:00,57.665751670139926
2024-01-01 21:25:00,57.62262105055603
2024-01-01 21:26:00,58.66244223906872
2024-01-01 21:27:00,58.30739299443422
2024-01-01 21:28:00,58.798878021177565
2024-01-01 21:29:00,59.708168355444194
2024-01-01 21:30:00,59.33951434123778
2024-01-01 21:31:00,58.823072815815586
2024-01-01 21:32:00,59.497855407155924
2024-01-01 21:33:00,59.10192190909977
2024-01-01 21:34:00,60.54056582763114
2024-01-01 21:35:00,59.61085730772081
2024-01-01 21:36:00,60.14784742275594
2024-01-01 21:37:00,60.34781011299072
2024-01-01 21:38:00,60.420411355007445
2024-01-01 21:39:00,59.505409722116084
2024-01-01 21:40:00,59.90237397280436
2024-01-01 21:41:00,60.537259539994345
2024-01-01 21:42:00,61.05789949693416
2024-01-01 21:43:00,60.96089170722396
2024-01-01 21:44:00,60.679605506026355
2024-01-01 21:45:00,60.60911784781996
2024-01-01 21:46:00,61.2044087776834
2024-01-01 21:47:00,61.28946910639316
2024-01-01 21:48:00,61.895263566192455
2024-01-01 21:49:00,61.58740089096144
2024-01-01 21:50:00,62.160164626323564
2024-01-01 21:51:00,61.66623318178033
2024-01-01 21:52:00,61.936785195384246
2024-01-01 21:53:00,61.98836901717087
2024-01-01 21:54:00,61.86522406408942
2024-01-01 21:55:00,62.65933577483706
2024-01-01 21:56:00,62.02666875919609
2024-01-01 21:57:00,62.25562705082265
2024-01-01 21:58:00,62.559130576393805
2024-01-01 21:59:00,62.02247701433059
2024-01-01 22:00:00,62.58038346576672
2024-01-01 22:01:00,62.45506485453193
2024-01-01 22:02:00,62.680667868432664
2024-01-01 22:03:00,62.904946124351056
2024-01-01 22:04:00,62.59123664047587
2024-01-01 22:05:00,62.93353854112899
2024-01-01 22:06:00,63.746376486215084
2024-01-01 22:07:00,63.12367582415971
2024-01-01 22:08:00,63.7497926845558
2024-01-01 22:09:00,63.387036581129976
2024-01-01 22:10:00,63.6335280436878
2024-01-01 22:11:00,62.88789818656677
2024-01-01 22:12:00,63.35227526746696
2024-01-01 22:13:00,63.38748036459251
2024-01-01 22:14:00,63.03091717585176
2024-01-01 22:15:00,62.93852326642307
2024-01-01 22:16:00,62.61351227625682
2024-01-01 22:17:00,64.11142300565196
2024-01-01 22:18:00,62.877862751433625
2024-01-01 22:19:00,64.03389224909539
2024-01-01 22:20:00,63.11976446228666
2024-01-01 22:21:00,62.91101246417664
2024-01-01 22:22:00,63.638293977897675
2024-01-01 22:23:00,62.99225104890684
2024-01-01 22:24:00,63.568938084172466
2024-01-01 22:25:00,63.091226595025425
2024-01-01 22:26:00,63.466845656027324
2024-01-01 22:27:00,62.70763478338864
2024-01-01 22:28:00,63.56860919020352
2024-01-01 22:29:00,63.35425680391782
2024-01-01 22:30:00,62.6039339390137
2024-01-01 22:31:00,64.33489058981259
2024-01-01 22:32:00,63.229346445384536
2024-01-01 22:33:00,64.04660508221122
2024-01-01 22:34:00,63.63984364741316
2024-01-01 22:35:00,62.67991077912196
2024-01-01 22:36:00,62.49912111484239
2024-01-01 22:37:00,62.43079824248634
2024-01-01 22:38:00,61.64115951073333
2024-01-01 22:39:00,62.128311828189304
2024-01-01 22:40:00,62.51611362849723
2024-01-01 22:41:00,63.06869365058106
2024-01-01 22:42:00,61.82883501227423
2024-01-01 22:43:00,62.56231736328941
2024-01-01 22:44:00,61.39766410029107
2024-01-01 22:45:00,61.63011899334821
2024-01-01 22:46:00,61.59046774242661
2024-01-01 22:47:00,61.897939007510956
2024-01-01 22:48:00,61.83021701115241
2024-01-01 22:49:00,61.96909326197328
2024-01-01 22:50:00,61.75658200655777
2024-01-01 22:51:00,61.37292040771599
2024-01-01 22:52:00,61.32367511145833
2024-01-01 22:53:00,61.79695102666476
2024-01-01 22:54:00,60.61850665460723
2024-01-01 22:55:00,61.12976447608456
2024-01-01 22:56:00,59.70396205773361
2024-01-01 22:57:00,60.676595724560805
2024-01-01 22:58:00,60.089518131904995
2024-01-01 22:59:00,60.19002242457899
2024-01-01 23:00:00,60.56381447669076
2024-01-01 23:01:00,59.978630354435325
2024-01-01 23:02:00,60.18900487355463
2024-01-01 23:03:00,60.33102567837399
2024-01-01 23:04:00,59.634116842638164
2024-01-01 23:05:00,59.86827722463272
2024-01-01 23:06:00,58.960490007358906
2024-01-01 23:07:00,58.95857392092393
2024-01-01 23:08:00,58.53824051607635
2024-01-01 23:09:00,59.15594262931907
2024-01-01 23:10:00,58.674505398338724
2024-01-01 23:11:00,58.045021456950586
2024-01-01 23:12:00,58.20539667421657
2024-01-01 23:13:00,58.47658685250184
2024-01-01 23:14:00,57.76229879588614
2024-01-01 23:15:00,57.13205979740133
2024-01-01 23:16:00,57.49561293041288
2024-01-01 23:17:00,56.26111729011817
2024-01-01 23:18:00,57.456215924702995
2024-01-01 23:19:00,56.6803606346744
2024-01-01 23:20:00,56.474402514939136
2024-01-01 23:21:00,56.96385559017745
2024-01-01 23:22:00,55.65936981033013
2024-01-01 23:23:00,57.130515318967284
2024-01-01 23:24:00,55.73100896726252
2024-01-01 23:25:00,55.52289608076648
2024-01-01 23:26:00,56.1078317028755
2024-01-01 23:27:00,55.763649879443584
2024-01-01 23:28:00,56.446464310982336
2024-01-01 23:29:00,54.92633734361601
2024-01-01 23:30:00,54.78245113651141
2024-01-01 23:31:00,53.91341353439341
2024-01-01 23:32:00,54.29722023286316
2024-01-01 23:33:00,53.912618266942474
2024-01-01 23:34:00,53.858955619711615
2024-01-01 23:35:00,53.021273123117425
2024-01-01 23:36:00,54.533801306249416
2024-01-01 23:37:00,52.80550890489995
2024-01-01 23:38:00,51.92328483372001
2024-01-01 23:39:00,52.54109184302625
2024-01-01 23:40:00,52.64472396263764
2024-01-01 23:41:00,52.183707718418255
2024-01-01 23:42:00,53.1200581181709
2024-01-01 23:43:00,52.31506797173769
2024-01-01 23:44:00,52.21049995683248
2024-01-01 23:45:00,52.31763948028475
2024-01-01 23:46:00,51.97098129785093
2024-01-01 23:47:00,52.13376289687444
2024-01-01 23:48:00,50.90729485841713
2024-01-01 23:49:00,51.0069561209528
2024-01-01 23:50:00,51.433583954192784
2024-01-01 23:51:00,49.65448807717088
2024-01-01 23:52:00,50.05669324431021
2024-01-01 23:53:00,50.81873201394549
2024-01-01 23:54:00,50.153566449729425
2024-01-01 23:55:00,50.68877828264945
2024-01-01 23:56:00,50.45399985152959
2024-01-01 23:57:00,49.28077263716088
2024-01-01 23:58:00,49.91535300764402
2024-01-01 23:59:00,50.146945906374135
2024-01-02 00:00:00,49.455824190619744
2024-01-02 00:01:00,48.73139165272494
2024-01-02 00:02:00,49.4999120450242
2024-01-02 00:03:00,49.22016616177171
2024-01-02 00:04:00,49.01820705941228
2024-01-02 00:05:00,48.951596046975524
2024-01-02 00:06:00,46.94538757401329
2024-01-02 00:07:00,48.73463703070635
2024-01-02 00:08:00,49.05217865185074
2024-01-02 00:09:00,48.22290915074861
2024-01-02 00:10:00,47.96002565612019
2024-01-02 00:11:00,48.07360618605592
2024-01-02 00:12:00,47.758939032492584
2024-01-02 00:13:00,47.78292834987083
2024-01-02 00:14:00,47.32781373312119
2024-01-02 00:15:00,46.81665139224377
2024-01-02 00:16:00,46.57370795039223
2024-01-02 00:17:00,46.45563248186125
2024-01-02 00:18:00,46.15011211710537
2024-01-02 00:19:00,46.18776467707437
2024-01-02 00:20:00,47.49041827711379
2024-01-02 00:21:00,46.87817855543179
2024-01-02 00:22:00,46.08320597805488
2024-01-02 00:23:00,46.098401878673016
2024-01-02 00:24:00,46.25108999294677
2024-01-02 00:25:00,45.77162967748712
2024-01-02 00:26:00,46.04117171066888
2024-01-02 00:27:00,46.307687360206465
2024-01-02 00:28:00,45.81598626285774
2024-01-02 00:29:00,45.9203761783408
2024-01-02 00:30:00,46.117699687577954
2024-01-02 00:31:00,45.4640837488712
2024-01-02 00:32:00,45.67188445411585
2024-01-02 00:33:00,45.30781596757502
2024-01-02 00:34:00,45.38496281309697
2024-01-02 00:35:00,45.177320784028986
2024-01-02 00:36:00,45.01947365851289
2024-01-02 00:37:00,45.31877749072462
2024-01-02 00:38:00,45.46702230528201
2024-01-02 00:39:00,45.212568325707956
2024-01-02 00:40:00,45.34830614208412
2024-01-02 00:41:00,44.693383626617376
2024-01-02 00:42:00,44.42778770467431
2024-01-02 00:43:00,45.2093988436377
2024-01-02 00:44:00,45.319971097230905
2024-01-02 00:45:00,44.980057800754565
2024-01-02 00:46:00,45.6122036398813
2024-01-02 00:47:00,45.37906032428822
2024-01-02 00:48:00,46.25649930433856
2024-01-02 00:49:00,44.810797967213716
2024-01-02 00:50:00,44.41075755248282
2024-01-02 00:51:00,44.54308907550369
2024-01-02 00:52:00,44.637382691751256
2024-01-02 00:53:00,45.169121224754996
2024-01-02 00:54:00,43.867044613622646
2024-01-02 00:55:00,45.62432520240728
2024-01-02 00:56:00,44.86836604254103
2024-01-02 00:57:00,44.891570865274886
2024-01-02 00:58:00,44.50623124742416
2024-01-02 00:59:00,45.02369874739394
2024-01-02 01:00:00,45.12630364290514
2024-01-02 01:01:00,45.10153552598418
2024-01-02 01:02:00,45.37880071397442
2024-01-02 01:03:00,44.9651423220042
2024-01-02 01:04:00,44.866645606148126
2024-01-02 01:05:00,45.64720274391094
2024-01-02 01:06:00,45.48472825338235
2024-01-02 01:07:00,45.60019061574868
2024-01-02 01:08:00,46.10114650943431
2024-01-02 01:09:00,45.13418670071688
2024-01-02 01:10:00,45.29546236837176
2024-01-02 01:11:00,46.43305676499895
2024-01-02 01:12:00,45.148091700536476
2024-01-02 01:13:00,45.32360580947407
2024-01-02 01:14:00,46.479681854774206
2024-01-02 01:15:00,46.28591767043747
2024-01-02 01:16:00,46.3190934313969
2024-01-02 01:17:00,46.32386473773401
2024-01-02 01:18:00,46.49206529910237
2024-01-02 01:19:00,46.540593863390725
2024-01-02 01:20:00,47.37803089250393
2024-01-02 01:21:00,46.61829486015754
2024-01-02 01:22:00,46.857098480249455
2024-01-02 01:23:00,47.958738750329246
2024-01-02 01:24:00,47.2022655834092
2024-01-02 01:25:00,48.434735800189735
2024-01-02 01:26:00,47.399627031159476
2024-01-02 01:27:00,48.27233669828445
2024-01-02 01:28:00,46.90054195918521
2024-01-02 01:29:00,47.9476415937531
2024-01-02 01:30:00,47.2241555401086
2024-01-02 01:31:00,48.587105779283
2024-01-02 01:32:00,47.70978897545541
2024-01-02 01:33:00,48.61225333579495
2024-01-02 01:34:00,48.48616005641744
2024-01-02 01:35:00,48.20773084563008
2024-01-02 01:36:00,48.139352069749734
2024-01-02 01:37:00,48.85827575408196
2024-01-02 01:38:00,50.15137703168393
2024-01-02 01:39:00,49.304025597914205
2024-01-02 01:40:00,50.081460326600606
2024-01-02 01:41:00,49.76872033504551
2024-01-02 01:42:00,50.41224239751243
2024-01-02 01:43:00,49.2392389390873
2024-01-02 01:44:00,50.13202694417271
2024-01-02 01:45:00,50.99129281232883
2024-01-02 01:46:00,50.6199048270523
2024-01-02 01:47:00,50.845150234784036
2024-01-02 01:48:00,50.861825082629395
2024-01-02 01:49:00,51.84218501156801
2024-01-02 01:50:00,51.608380723746826
2024-01-02 01:51:00,51.675379008452246
2024-01-02 01:52:00,52.17018206806022
2024-01-02 01:53:00,52.339522674106775
2024-01-02 01:54:00,52.3498529363794
2024-01-02 01:55:00,53.2165428975517
2024-01-02 01:56:00,52.61359386584696
2024-01-02 01:57:00,52.98465510632468
2024-01-02 01:58:00,52.72710497318086
2024-01-02 01:59:00,53.32761806462523
2024-01-02 02:00:00,54.25135535891381
2024-01-02 02:01:00,53.341616923660276
2024-01-02 02:02:00,53.302999115002734
2024-01-02 02:03:00,54.57542521095235
2024-01-02 02:04:00,54.21053333628445
2024-01-02 02:05:00,54.541331553112514
2024-01-02 02:06:00,54.679648489804975
2024-01-02 02:07:00,54.951024799813354
2024-01-02 02:08:00,55.54629148011843
2024-01-02 02:09:00,54.911249825656945
2024-01-02 02:10:00,55.03485433194624
2024-01-02 02:11:00,55.79321859688724
2024-01-02 02:12:00,55.15749154474462
2024-01-02 02:13:00,55.48406520120337
2024-01-02 02:14:00,57.313637892231746
2024-01-02 02:15:00,56.968478721948166
2024-01-02 02:16:00,56.79382867320817
2024-01-02 02:17:00,57.626557200434696
2024-01-02 02:18:00,56.69545593573322
2024-01-02 02:19:00,57.26558152432602
2024-01-02 02:20:00,57.94208409451808
2024-01-02 02:21:00,58.281935215797
2024-01-02 02:22:00,58.298489271041525
2024-01-02 02:23:00,56.9759541336175
2024-01-02 02:24:00,57.966108571268876
2024-01-02 02:25:00,58.89121574386863
2024-01-02 02:26:00,58.67611698344534
2024-01-02 02:27:00,60.3244219754556
2024-01-02 02:28:00,59.71652507065768
2024-01-02 02:29:00,59.7298773621895
2024-01-02 02:30:00,59.08852785962126
2024-01-02 02:31:00,59.8240217302124
2024-01-02 02:32:00,60.15536693002413
2024-01-02 02:33:00,60.79010575976299
2024-01-02 02:34:00,60.85651006173754
2024-01-02 02:35:00,61.12037936080953
2024-01-02 02:36:00,60.32800751415196
2024-01-02 02:37:00,61.68018620870349
2024-01-02 02:38:00,60.466040243474524
2024-01-02 02:39:00,61.06837316563701
2024-01-02 02:40:00,61.72965237988973
2024-01-02 02:41:00,61.61505174929479
2024-01-02 02:42:00,61.360437925659774
2024-01-02 02:43:00,61.623802946646954
2024-01-02 02:44:00,61.42917045176866
2024-01-02 02:45:00,62.63553944957245
2024-01-02 02:46:00,63.16356333287307
2024-01-02 02:47:00,62.64421971367961
2024-01-02 02:48:00,62.65272993464004
2024-01-02 02:49:00,62.27252168324736
2024-01-02 02:50:00,63.618295533929434
2024-01-02 02:51:00,64.41753357907173
2024-01-02 02:52:00,62.56045969437604
2024-01-02 02:53:00,63.071841734405545
2024-01-02 02:54:00,63.40514296549892
2024-01-02 02:55:00,63.601119940820965
2024-01-02 02:56:00,64.13219807117595
2024-01-02 02:57:00,64.95775276492684
2024-01-02 02:58:00,64.78383738510968
2024-01-02 02:59:00,64.66900847595547
2024-01-02 03:00:00,64.1656305010485
2024-01-02 03:01:00,64.08683487783898
2024-01-02 03:02:00,64.36394093601672
2024-01-02 03:03:00,65.64862476681046
2024-01-02 03:04:00,64.95252477105655
2024-01-02 03:05:00,64.865286108627
2024-01-02 03:06:00,65.09859882015975
2024-01-02 03:07:00,65.7009861733277
2024-01-02 03:08:00,64.72684525387935
2024-01-02 03:09:00,66.18165900010005
2024-01-02 03:10:00,65.63973833527844
2024-01-02 03:11:00,65.53690201572613
2024-01-02 03:12:00,65.94633695468013
2024-01-02 03:13:00,65.91019048714256
2024-01-02 03:14:00,65.70118350461271
2024-01-02 03:15:00,65.81540299351
2024-01-02 03:16:00,65.5719670773388
2024-01-02 03:17:00,66.39537531671905
2024-01-02 03:18:00,65.85808588441891
2024-01-02 03:19:00,65.69895892254718
2024-01-02 03:20:00,66.30911053496816
2024-01-02 03:21:00,66.93590971439677
2024-01-02 03:22:00,66.28838265637026
2024-01-02 03:23:00,66.04576334493213
2024-01-02 03:24:00,66.58505319564686
2024-01-02 03:25:00,67.3807755187499
2024-01-02 03:26:00,65.711795790268
2024-01-02 03:27:00,66.65018824992462
2024-01-02 03:28:00,66.57897296813965
2024-01-02 03:29:00,67.07054091821678
2024-01-02 03:30:00,66.9945731879151
2024-01-02 03:31:00,66.4111091156826
2024-01-02 03:32:00,65.663552462179
2024-01-02 03:33:00,66.90644620084991
2024-01-02 03:34:00,66.07893206606339
2024-01-02 03:35:00,66.01253982132536
2024-01-02 03:36:00,67.04549270126066
2024-01-02 03:37:00,65.99733521139167
2024-01-02 03:38:00,67.13167278716531
2024-01-02 03:39:00,66.57172282589012
2024-01-02 03:40:00,66.53298432396574
2024-01-02 03:41:00,66.49277293317155
2024-01-02 03:42:00,65.48175262254699
2024-01-02 03:43:00,65.37072176304737
2024-01-02 03:44:00,66.32079279587312
2024-01-02 03:45:00,66.44729106748103
2024-01-02 03:46:00,66.15105883472195
2024-01-02 03:47:00,65.6416722155777
2024-01-02 03:48:00,66.00083383078007
2024-01-02 03:49:00,65.88556458205616
2024-01-02 03:50:00,65.37951697977049
2024-01-02 03:51:00,66.29293335993829
2024-01-02 03:52:00,64.84503024817907
2024-01-02 03:53:00,65.92516453098548
2024-01-02 03:54:00,65.74001988015962
2024-01-02 03:55:00,65.96625592909763
2024-01-02 03:56:00,64.86880144580486
2024-01-02 03:57:00,65.32877386746608
2024-01-02 03:58:00,66.26686256626547
2024-01-02 03:59:00,65.41216663355964
2024-01-02 04:00:00,65.0279531496289
2024-01-02 04:01:00,65.14050528254214
2024-01-02 04:02:00,64.80405090451505
2024-01-02 04:03:00,65.74327304866966
2024-01-02 04:04:00,65.02337667328848
2024-01-02 04:05:00,64.36940911074538
2024-01-02 04:06:00,64.41601553021275
2024-01-02 04:07:00,63.96911220227731
2024-01-02 04:08:00,64.64117994209909
2024-01-02 04:09:00,63.20208376523839
2024-01-02 04:10:00,62.96884219711695
2024-01-02 04:11:00,64.36389575502905
2024-01-02 04:12:00,64.57173546892719
2024-01-02 04:13:00,63.58733523637636
2024-01-02 04:14:00,63.264989775567344
2024-01-02 04:15:00,63.390185307778346
2024-01-02 04:16:00,62.58851081801222
2024-01-02 04:17:00,62.84576473668436
2024-01-02 04:18:00,62.6253867199562
2024-01-02 04:19:00,62.76275359738529
2024-01-02 04:20:00,61.51182759710854
2024-01-02 04:21:00,61.87654860530414
2024-01-02 04:22:00,62.38975496254442
2024-01-02 04:23:00,61.464672581184224
2024-01-02 04:24:00,61.13909221707709
2024-01-02 04:25:00,62.48827414160571
2024-01-02 04:26:00,61.31599539235462
2024-01-02 04:27:00,60.83548092980077
2024-01-02 04:28:00,60.105136466608066
2024-01-02 04:29:00,61.14082806700082
2024-01-02 04:30:00,60.94908176642597
2024-01-02 04:31:00,60.27209292617147
2024-01-02 04:32:00,59.690992122954434
2024-01-02 04:33:00,60.04921819727858
2024-01-02 04:34:00,59.4617780079731
2024-01-02 04:35:00,59.2257765340038
2024-01-02 04:36:00,59.46131554406169
2024-01-02 04:37:00,58.80238417441866
2024-01-02 04:38:00,59.265698102355636
2024-01-02 04:39:00,59.259879207128016
2024-01-02 04:40:00,58.348869726897505
2024-01-02 04:41:00,57.89673894740946
2024-01-02 04:42:00,59.17312851283107
2024-01-02 04:43:00,57.73351183379664
2024-01-02 04:44:00,57.684444391847286
2024-01-02 04:45:00,57.93138336476419
2024-01-02 04:46:00,57.93478856171367
2024-01-02 04:47:00,57.317024486462174
2024-01-02 04:48:00,57.485589084174435
2024-01-02 04:49:00,56.864717751293604
2024-01-02 04:50:00,56.38973432041829
2024-01-02 04:51:00,57.39875677228928
2024-01-02 04:52:00,57.740347590464545
2024-01-02 04:53:00,57.154969529511206
2024-01-02 04:54:00,56.1891552547407
2024-01-02 04:55:00,56.84672547116782
2024-01-02 04:56:00,55.92018338116898
2024-01-02 04:57:00,55.316659366934374
2024-01-02 04:58:00,55.60218902295953
2024-01-02 04:59:00,55.13630408968815
2024-01-02 05:00:00,54.507324928589405
2024-01-02 05:01:00,54.366067126692045
2024-01-02 05:02:00,55.03363594788266
2024-01-02 05:03:00,53.527840972588365
2024-01-02 05:04:00,54.57286373604686
2024-01-02 05:05:00,53.27695960645436
2024-01-02 05:06:00,52.853462482041174
2024-01-02 05:07:00,52.818345031716525
2024-01-02 05:08:00,54.546360791570606
2024-01-02 05:09:00,53.29163905139049
2024-01-02 05:10:00,53.2614648951212
2024-01-02 05:11:00,53.757930772757916
2024-01-02 05:12:00,53.3473076880279
2024-01-02 05:13:00,52.018235594063015
2024-01-02 05:14:00,52.98418815565751
2024-01-02 05:15:00,52.479468431552505
2024-01-02 05:16:00,52.05629654540173
2024-01-02 05:17:00,52.08117192092584
2024-01-02 05:18:00,52.55302365989743
2024-01-02 05:19:00,51.31649227167208
2024-01-02 05:20:00,51.80860834740941
2024-01-02 05:21:00,51.45442353866253
2024-01-02 05:22:00,50.41421671543111
2024-01-02 05:23:00,50.76774209975935
2024-01-02 05:24:00,51.12412949111587
2024-01-02 05:25:00,51.53749269066881
2024-01-02 05:26:00,51.25349046761271
2024-01-02 05:27:00,50.91819730188004
2024-01-02 05:28:00,50.08153937942505
2024-01-02 05:29:00,51.262246598952096
2024-01-02 05:30:00,50.34465347737065
2024-01-02 05:31:00,49.61222920991221
2024-01-02 05:32:00,49.905375941475576
2024-01-02 05:33:00,50.32945827138765
2024-01-02 05:34:00,49.77278779640323
2024-01-02 05:35:00,50.10324468117231
2024-01-02 05:36:00,50.10572857444592
2024-01-02 05:37:00,49.65149853379639
2024-01-02 05:38:00,48.923060871563756
2024-01-02 05:39:00,49.32368962902614
2024-01-02 05:40:00,49.18600884103986
2024-01-02 05:41:00,50.00401721011757
2024-01-02 05:42:00,48.17559535030848
2024-01-02 05:43:00,48.83928974942886
2024-01-02 05:44:00,48.536168057966954
2024-01-02 05:45:00,48.920886091762725
2024-01-02 05:46:00,47.463308097765434
2024-01-02 05:47:00,49.17198059432917
2024-01-02 05:48:00,48.55752266474015
2024-01-02 05:49:00,47.568159561988544
2024-01-02 05:50:00,48.25357496978046
2024-01-02 05:51:00,48.68602032250071
2024-01-02 05:52:00,47.537034085762365
2024-01-02 05:53:00,48.28942277249332
2024-01-02 05:54:00,47.71798522792482
2024-01-02 05:55:00,47.93151710537726
2024-01-02 05:56:00,48.189562448425185
2024-01-02 05:57:00,48.23851541189795
2024-01-02 05:58:00,47.885945216946645
2024-01-02 05:59:00,48.23618418370024
2024-01-02 06:00:00,48.49120026919625
2024-01-02 06:01:00,47.929146787829325
2024-01-02 06:02:00,48.77475668979736
2024-01-02 06:03:00,48.78443306021833
2024-01-02 06:04:00,47.837318642380154
2024-01-02 06:05:00,47.735088296235176
2024-01-02 06:06:00,47.22825924447989
2024-01-02 06:07:00,48.00739796221252
2024-01-02 06:08:00,47.90330022256976
2024-01-02 06:09:00,48.49287906638016
2024-01-02 06:10:00,47.370851522429376
2024-01-02 06:11:00,48.0133050928225
2024-01-02 06:12:00,48.66667451539313
2024-01-02 06:13:00,47.85140024777367
2024-01-02 06:14:00,47.87363974020854
2024-01-02 06:15:00,47.57354599421006
2024-01-02 06:16:00,49.65343979977671
2024-01-02 06:17:00,48.01947961087428
2024-01-02 06:18:00,47.79701669010181
2024-01-02 06:19:00,48.103131804687706
2024-01-02 06:20:00,48.17965021501898
2024-01-02 06:21:00,48.49769676705263
2024-01-02 06:22:00,49.1145025889756
2024-01-02 06:23:00,48.625886851590934
2024-01-02 06:24:00,48.390650596308646
2024-01-02 06:25:00,48.20716187235744
2024-01-02 06:26:00,49.028255411532925
2024-01-02 06:27:00,49.126788826480926
2024-01-02 06:28:00,49.96284369211627
2024-01-02 06:29:00,49.339092539365915
2024-01-02 06:30:00,49.34245440358934
2024-01-02 06:31:00,48.96928462634199
2024-01-02 06:32:00,49.44781428033612
2024-01-02 06:33:00,49.491219929635825
2024-01-02 06:34:00,49.63848936937497
2024-01-02 06:35:00,49.460464506158694
2024-01-02 06:36:00,50.32914160595261
2024-01-02 06:37:00,50.11195859600817
2024-01-02 06:38:00,50.20948368353062
2024-01-02 06:39:00,49.58234451250643
2024-01-02 06:40:00,50.819076908255894
2024-01-02 06:41:00,50.951780815131876
2024-01-02 06:42:00,50.42780732641964
2024-01-02 06:43:00,51.484560545701186
2024-01-02 06:44:00,50.45222466549441
2024-01-02 06:45:00,51.27169481399888
2024-01-02 06:46:00,51.29791893883517
2024-01-02 06:47:00,50.928638552035494
2024-01-02 06:48:00,51.83853360798892
2024-01-02 06:49:00,52.754118170843135
2024-01-02 06:50:00,52.098435781463465
2024-01-02 06:51:00,51.99746742781273
2024-01-02 06:52:00,52.61936234667951
2024-01-02 06:53:00,52.61803180757818
2024-01-02 06:54:00,52.75076026901131
2024-01-02 06:55:00,52.698136661111654
2024-01-02 06:56:00,53.79817967314847
2024-01-02 06:57:00,53.493846751520366
2024-01-02 06:58:00,53.181924579838466
2024-01-02 06:59:00,53.57490625802934
2024-01-02 07:00:00,53.44310746201382
2024-01-02 07:01:00,53.695942396626826
2024-01-02 07:02:00,53.86811617047092
2024-01-02 07:03:00,53.8114868459041
2024-01-02 07:04:00,54.95914522110734
2024-01-02 07:05:00,54.618477847090055
2024-01-02 07:06:00,55.23610855614907
2024-01-02 07:07:00,54.82050833912895
2024-01-02 07:08:00,55.32332228642965
2024-01-02 07:09:00,55.197246035097415
2024-01-02 07:10:00,56.11311807026609
2024-01-02 07:11:00,55.830770630266414
2024-01-02 07:12:00,55.79234176041811
2024-01-02 07:13:00,55.540750063180006
2024-01-02 07:14:00,56.704205404197054
2024-01-02 07:15:00,56.417819477466324
2024-01-02 07:16:00,56.97055343800931
2024-01-02 07:17:00,56.93972163452501
2024-01-02 07:18:00,57.87045886514254
2024-01-02 07:19:00,57.873768472915366
2024-01-02 07:20:00,58.034109468224514
2024-01-02 07:21:00,57.71164597603312
2024-01-02 07:22:00,58.46237077951561
2024-01-02 07:23:00,59.29639708394413
2024-01-02 07:24:00,58.2328001866714
2024-01-02 07:25:00,58.945051137671776
2024-01-02 07:26:00,58.244257892650495
2024-01-02 07:27:00,59.97804869395668
2024-01-02 07:28:00,59.289549365024286
2024-01-02 07:29:00,60.08928922711413
2024-01-02 07:30:00,59.045556844566846
2024-01-02 07:31:00,61.0147089917607
2024-01-02 07:32:00,60.14578950281739
2024-01-02 07:33:00,60.80477822581358
2024-01-02 07:34:00,60.814442206026726
2024-01-02 07:35:00,60.81766165929399
2024-01-02 07:36:00,61.993859021029024
2024-01-02 07:37:00,60.531629227892275
2024-01-02 07:38:00,61.70874439332328
2024-01-02 07:39:00,62.21741391106015
2024-01-02 07:40:00,61.948757726275666
2024-01-02 07:41:00,62.105009672259705
2024-01-02 07:42:00,62.291898889783596
2024-01-02 07:43:00,61.947234964470184
2024-01-02 07:44:00,62.77651492138805
2024-01-02 07:45:00,63.20872111481567
2024-01-02 07:46:00,63.18001219764818
2024-01-02 07:47:00,63.20129053360564
2024-01-02 07:48:00,63.28257515872656
2024-01-02 07:49:00,63.57601950523925
2024-01-02 07:50:00,64.5309199131306
2024-01-02 07:51:00,63.04318952408112
2024-01-02 07:52:00,64.28901141502115
2024-01-02 07:53:00,64.28550737943227
2024-01-02 07:54:00,65.35557028232114
2024-01-02 07:55:00,64.83149889409214
2024-01-02 07:56:00,65.7200406299576
2024-01-02 07:57:00,64.08713091725666
2024-01-02 07:58:00,65.54797492371767
2024-01-02 07:59:00,65.62486275519356
2024-01-02 08:00:00,66.34423431298563
2024-01-02 08:01:00,64.98984702836447
2024-01-02 08:02:00,65.89191731151675
2024-01-02 08:03:00,66.15867954517418
2024-01-02 08:04:00,66.03120769788835
2024-01-02 08:05:00,67.03803478458791
2024-01-02 08:06:00,66.40817351490682
2024-01-02 08:07:00,67.73973765127563
2024-01-02 08:08:00,67.39130626218181
2024-01-02 08:09:00,67.47846149885997
2024-01-02 08:10:00,67.41843636867837
2024-01-02 08:11:00,66.73954589985954
2024-01-02 08:12:00,67.18526789267871
2024-01-02 08:13:00,67.81338189224262
2024-01-02 08:14:00,67.98869617979626
2024-01-02 08:15:00,68.42309718346367
2024-01-02 08:16:00,67.6520046641849
2024-01-02 08:17:00,67.56845820821756
2024-01-02 08:18:00,68.53744542984
2024-01-02 08:19:00,67.80894743723155
2024-01-02 08:20:00,68.75275464844961
2024-01-02 08:21:00,69.01473850317232
2024-01-02 08:22:00,68.73811678932607
2024-01-02 08:23:00,68.42278471696633
2024-01-02 08:24:00,68.70998080015353
2024-01-02 08:25:00,69.0703384484635
2024-01-02 08:26:00,68.85913473171588
2024-01-02 08:27:00,70.0298691338563
2024-01-02 08:28:00,68.50828032912416
2024-01-02 08:29:00,68.57136701133159
2024-01-02 08:30:00,68.64950616947321
2024-01-02 08:31:00,68.90456140635187
2024-01-02 08:32:00,68.16740750095319
2024-01-02 08:33:00,68.99567532152557
2024-01-02 08:34:00,69.03357338816762
2024-01-02 08:35:00,69.44526000049342
2024-01-02 08:36:00,69.65674825850057
2024-01-02 08:37:00,68.86562977033431
2024-01-02 08:38:00,69.96968886859355
2024-01-02 08:39:00,70.45073093860829
2024-01-02 08:40:00,69.47143163753056
2024-01-02 08:41:00,70.38473407651112
2024-01-02 08:42:00,69.71502258745366
2024-01-02 08:43:00,70.6238751041623
2024-01-02 08:44:00,70.1981325119893
2024-01-02 08:45:00,68.86352043301905
2024-01-02 08:46:00,69.65677035123433
2024-01-02 08:47:00,70.17260821931839
2024-01-02 08:48:00,69.65471804306075
2024-01-02 08:49:00,69.61101836268182
2024-01-02 08:50:00,70.25038222729856
2024-01-02 08:51:00,69.24264641736944
2024-01-02 08:52:00,69.58445007381188
2024-01-02 08:53:00,69.71168176270821
2024-01-02 08:54:00,69.35322219683543
2024-01-02 08:55:00,69.47639000501101
2024-01-02 08:56:00,69.83640861649432
2024-01-02 08:57:00,69.62388279395432
2024-01-02 08:58:00,68.95781735844116
2024-01-02 08:59:00,68.7609935300688
2024-01-02 09:00:00,68.86557473614074
2024-01-02 09:01:00,69.20403643326684
2024-01-02 09:02:00,69.06297145095921
2024-01-02 09:03:00,68.66276268546066
2024-01-02 09:04:00,68.71176691978452
2024-01-02 09:05:00,68.1792550028381
2024-01-02 09:06:00,69.07299840776476
2024-01-02 09:07:00,68.7652575956324
2024-01-02 09:08:00,68.07300270084308
2024-01-02 09:09:00,68.6313069979651
2024-01-02 09:10:00,69.19891744211196
2024-01-02 09:11:00,68.06479727381817
2024-01-02 09:12:00,68.99608300418723
2024-01-02 09:13:00,68.0771671126878
2024-01-02 09:14:00,68.23486816290144
2024-01-02 09:15:00,68.07860943788094
2024-01-02 09:16:00,68.62104391647946
2024-01-02 09:17:00,67.88686329692895
2024-01-02 09:18:00,67.1209248749447
2024-01-02 09:19:00,66.91753496292631
